X,Y
data/Images/000.png,data/Labels/000_mask.png
data/Images/001.png,data/Labels/001_mask.png
data/Images/002.png,data/Labels/002_mask.png
data/Images/003.png,data/Labels/003_mask.png
data/Images/004.png,data/Labels/004_mask.png
data/Images/005.png,data/Labels/005_mask.png
data/Images/006.png,data/Labels/006_mask.png
data/Images/007.png,data/Labels/007_mask.png
data/Images/008.png,data/Labels/008_mask.png
data/Images/009.png,data/Labels/009_mask.png
data/Images/010.png,data/Labels/010_mask.png
data/Images/011.png,data/Labels/011_mask.png
data/Images/012.png,data/Labels/012_mask.png
data/Images/013.png,data/Labels/013_mask.png
data/Images/014.png,data/Labels/014_mask.png
data/Images/015.png,data/Labels/015_mask.png
data/Images/016.png,data/Labels/016_mask.png
data/Images/017.png,data/Labels/017_mask.png
data/Images/018.png,data/Labels/018_mask.png
data/Images/019.png,data/Labels/019_mask.png
data/Images/020.png,data/Labels/020_mask.png
data/Images/021.png,data/Labels/021_mask.png
data/Images/022.png,data/Labels/022_mask.png
data/Images/023.png,data/Labels/023_mask.png
data/Images/024.png,data/Labels/024_mask.png
data/Images/025.png,data/Labels/025_mask.png
data/Images/026.png,data/Labels/026_mask.png
data/Images/027.png,data/Labels/027_mask.png
data/Images/028.png,data/Labels/028_mask.png
data/Images/029.png,data/Labels/029_mask.png
data/Images/030.png,data/Labels/030_mask.png
data/Images/031.png,data/Labels/031_mask.png
data/Images/032.png,data/Labels/032_mask.png
data/Images/033.png,data/Labels/033_mask.png
data/Images/034.png,data/Labels/034_mask.png
data/Images/035.png,data/Labels/035_mask.png
data/Images/036.png,data/Labels/036_mask.png
data/Images/037.png,data/Labels/037_mask.png
data/Images/038.png,data/Labels/038_mask.png
data/Images/039.png,data/Labels/039_mask.png
data/Images/040.png,data/Labels/040_mask.png
data/Images/041.png,data/Labels/041_mask.png
data/Images/042.png,data/Labels/042_mask.png
data/Images/043.png,data/Labels/043_mask.png
data/Images/044.png,data/Labels/044_mask.png
data/Images/045.png,data/Labels/045_mask.png
data/Images/046.png,data/Labels/046_mask.png
data/Images/047.png,data/Labels/047_mask.png
data/Images/048.png,data/Labels/048_mask.png
data/Images/049.png,data/Labels/049_mask.png
data/Images/050.png,data/Labels/050_mask.png
data/Images/051.png,data/Labels/051_mask.png
data/Images/052.png,data/Labels/052_mask.png
data/Images/053.png,data/Labels/053_mask.png
data/Images/054.png,data/Labels/054_mask.png
data/Images/055.png,data/Labels/055_mask.png
data/Images/056.png,data/Labels/056_mask.png
data/Images/057.png,data/Labels/057_mask.png
data/Images/058.png,data/Labels/058_mask.png
data/Images/059.png,data/Labels/059_mask.png
data/Images/060.png,data/Labels/060_mask.png
data/Images/061.png,data/Labels/061_mask.png
data/Images/062.png,data/Labels/062_mask.png
data/Images/063.png,data/Labels/063_mask.png
data/Images/064.png,data/Labels/064_mask.png
data/Images/065.png,data/Labels/065_mask.png
data/Images/066.png,data/Labels/066_mask.png
data/Images/067.png,data/Labels/067_mask.png
data/Images/068.png,data/Labels/068_mask.png
data/Images/069.png,data/Labels/069_mask.png
data/Images/070.png,data/Labels/070_mask.png
data/Images/071.png,data/Labels/071_mask.png
data/Images/072.png,data/Labels/072_mask.png
data/Images/073.png,data/Labels/073_mask.png
data/Images/074.png,data/Labels/074_mask.png
data/Images/075.png,data/Labels/075_mask.png
data/Images/076.png,data/Labels/076_mask.png
data/Images/077.png,data/Labels/077_mask.png
data/Images/078.png,data/Labels/078_mask.png
data/Images/079.png,data/Labels/079_mask.png
data/Images/080.png,data/Labels/080_mask.png
data/Images/081.png,data/Labels/081_mask.png
data/Images/082.png,data/Labels/082_mask.png
data/Images/083.png,data/Labels/083_mask.png
data/Images/084.png,data/Labels/084_mask.png
data/Images/085.png,data/Labels/085_mask.png
data/Images/086.png,data/Labels/086_mask.png
data/Images/087.png,data/Labels/087_mask.png
data/Images/088.png,data/Labels/088_mask.png
data/Images/089.png,data/Labels/089_mask.png
data/Images/090.png,data/Labels/090_mask.png
data/Images/091.png,data/Labels/091_mask.png
data/Images/092.png,data/Labels/092_mask.png
data/Images/093.png,data/Labels/093_mask.png
data/Images/094.png,data/Labels/094_mask.png
data/Images/095.png,data/Labels/095_mask.png
data/Images/096.png,data/Labels/096_mask.png
data/Images/097.png,data/Labels/097_mask.png
data/Images/098.png,data/Labels/098_mask.png
data/Images/099.png,data/Labels/099_mask.png
data/Images/100.png,data/Labels/100_mask.png
data/Images/101.png,data/Labels/101_mask.png
data/Images/102.png,data/Labels/102_mask.png
data/Images/103.png,data/Labels/103_mask.png
data/Images/104.png,data/Labels/104_mask.png
data/Images/105.png,data/Labels/105_mask.png
data/Images/106.png,data/Labels/106_mask.png
data/Images/107.png,data/Labels/107_mask.png
data/Images/108.png,data/Labels/108_mask.png
data/Images/109.png,data/Labels/109_mask.png
data/Images/110.png,data/Labels/110_mask.png
data/Images/111.png,data/Labels/111_mask.png
data/Images/112.png,data/Labels/112_mask.png
data/Images/113.png,data/Labels/113_mask.png
data/Images/114.png,data/Labels/114_mask.png
data/Images/115.png,data/Labels/115_mask.png
data/Images/116.png,data/Labels/116_mask.png
data/Images/117.png,data/Labels/117_mask.png
data/Images/118.png,data/Labels/118_mask.png
data/Images/119.png,data/Labels/119_mask.png
data/Images/120.png,data/Labels/120_mask.png
data/Images/121.png,data/Labels/121_mask.png
data/Images/122.png,data/Labels/122_mask.png
data/Images/123.png,data/Labels/123_mask.png
data/Images/124.png,data/Labels/124_mask.png
data/Images/125.png,data/Labels/125_mask.png
data/Images/126.png,data/Labels/126_mask.png
data/Images/127.png,data/Labels/127_mask.png
data/Images/128.png,data/Labels/128_mask.png
data/Images/129.png,data/Labels/129_mask.png
data/Images/130.png,data/Labels/130_mask.png
data/Images/131.png,data/Labels/131_mask.png
data/Images/132.png,data/Labels/132_mask.png
data/Images/133.png,data/Labels/133_mask.png
data/Images/134.png,data/Labels/134_mask.png
data/Images/135.png,data/Labels/135_mask.png
data/Images/136.png,data/Labels/136_mask.png
data/Images/137.png,data/Labels/137_mask.png
data/Images/138.png,data/Labels/138_mask.png
data/Images/139.png,data/Labels/139_mask.png
data/Images/140.png,data/Labels/140_mask.png
data/Images/141.png,data/Labels/141_mask.png
data/Images/142.png,data/Labels/142_mask.png
data/Images/143.png,data/Labels/143_mask.png
data/Images/144.png,data/Labels/144_mask.png
data/Images/145.png,data/Labels/145_mask.png
data/Images/146.png,data/Labels/146_mask.png
data/Images/147.png,data/Labels/147_mask.png
data/Images/148.png,data/Labels/148_mask.png
data/Images/149.png,data/Labels/149_mask.png
data/Images/150.png,data/Labels/150_mask.png
data/Images/151.png,data/Labels/151_mask.png
data/Images/152.png,data/Labels/152_mask.png
data/Images/153.png,data/Labels/153_mask.png
data/Images/154.png,data/Labels/154_mask.png
data/Images/155.png,data/Labels/155_mask.png
data/Images/156.png,data/Labels/156_mask.png
data/Images/157.png,data/Labels/157_mask.png
data/Images/158.png,data/Labels/158_mask.png
data/Images/159.png,data/Labels/159_mask.png
data/Images/160.png,data/Labels/160_mask.png
data/Images/161.png,data/Labels/161_mask.png
data/Images/162.png,data/Labels/162_mask.png
data/Images/163.png,data/Labels/163_mask.png
data/Images/164.png,data/Labels/164_mask.png
data/Images/165.png,data/Labels/165_mask.png
data/Images/166.png,data/Labels/166_mask.png
data/Images/167.png,data/Labels/167_mask.png
data/Images/168.png,data/Labels/168_mask.png
data/Images/169.png,data/Labels/169_mask.png
data/Images/170.png,data/Labels/170_mask.png
data/Images/171.png,data/Labels/171_mask.png
data/Images/172.png,data/Labels/172_mask.png
data/Images/173.png,data/Labels/173_mask.png
data/Images/174.png,data/Labels/174_mask.png
data/Images/175.png,data/Labels/175_mask.png
data/Images/176.png,data/Labels/176_mask.png
data/Images/177.png,data/Labels/177_mask.png
data/Images/178.png,data/Labels/178_mask.png
data/Images/179.png,data/Labels/179_mask.png
data/Images/180.png,data/Labels/180_mask.png
data/Images/181.png,data/Labels/181_mask.png
data/Images/182.png,data/Labels/182_mask.png
data/Images/183.png,data/Labels/183_mask.png
data/Images/184.png,data/Labels/184_mask.png
data/Images/185.png,data/Labels/185_mask.png
data/Images/186.png,data/Labels/186_mask.png
data/Images/187.png,data/Labels/187_mask.png
data/Images/188.png,data/Labels/188_mask.png
data/Images/189.png,data/Labels/189_mask.png
data/Images/190.png,data/Labels/190_mask.png
data/Images/191.png,data/Labels/191_mask.png
data/Images/192.png,data/Labels/192_mask.png
data/Images/193.png,data/Labels/193_mask.png
data/Images/194.png,data/Labels/194_mask.png
data/Images/195.png,data/Labels/195_mask.png
data/Images/196.png,data/Labels/196_mask.png
data/Images/197.png,data/Labels/197_mask.png
data/Images/198.png,data/Labels/198_mask.png
data/Images/199.png,data/Labels/199_mask.png
data/Images/200.png,data/Labels/200_mask.png
data/Images/201.png,data/Labels/201_mask.png
data/Images/202.png,data/Labels/202_mask.png
data/Images/203.png,data/Labels/203_mask.png
data/Images/204.png,data/Labels/204_mask.png
data/Images/205.png,data/Labels/205_mask.png
data/Images/206.png,data/Labels/206_mask.png
data/Images/207.png,data/Labels/207_mask.png
data/Images/208.png,data/Labels/208_mask.png
data/Images/209.png,data/Labels/209_mask.png
data/Images/210.png,data/Labels/210_mask.png
data/Images/211.png,data/Labels/211_mask.png
data/Images/212.png,data/Labels/212_mask.png
data/Images/213.png,data/Labels/213_mask.png
data/Images/214.png,data/Labels/214_mask.png
data/Images/215.png,data/Labels/215_mask.png
data/Images/216.png,data/Labels/216_mask.png
data/Images/217.png,data/Labels/217_mask.png
data/Images/218.png,data/Labels/218_mask.png
data/Images/219.png,data/Labels/219_mask.png
data/Images/220.png,data/Labels/220_mask.png
data/Images/221.png,data/Labels/221_mask.png
data/Images/222.png,data/Labels/222_mask.png
data/Images/223.png,data/Labels/223_mask.png
data/Images/224.png,data/Labels/224_mask.png
data/Images/225.png,data/Labels/225_mask.png
data/Images/226.png,data/Labels/226_mask.png
data/Images/227.png,data/Labels/227_mask.png
data/Images/228.png,data/Labels/228_mask.png
data/Images/229.png,data/Labels/229_mask.png
data/Images/230.png,data/Labels/230_mask.png
data/Images/231.png,data/Labels/231_mask.png
data/Images/232.png,data/Labels/232_mask.png
data/Images/233.png,data/Labels/233_mask.png
data/Images/234.png,data/Labels/234_mask.png
data/Images/235.png,data/Labels/235_mask.png
data/Images/236.png,data/Labels/236_mask.png
data/Images/237.png,data/Labels/237_mask.png
data/Images/238.png,data/Labels/238_mask.png
data/Images/239.png,data/Labels/239_mask.png
data/Images/240.png,data/Labels/240_mask.png
data/Images/241.png,data/Labels/241_mask.png
data/Images/242.png,data/Labels/242_mask.png
data/Images/243.png,data/Labels/243_mask.png
data/Images/244.png,data/Labels/244_mask.png
data/Images/245.png,data/Labels/245_mask.png
data/Images/246.png,data/Labels/246_mask.png
data/Images/247.png,data/Labels/247_mask.png
data/Images/248.png,data/Labels/248_mask.png
data/Images/249.png,data/Labels/249_mask.png
data/Images/250.png,data/Labels/250_mask.png
data/Images/251.png,data/Labels/251_mask.png
data/Images/252.png,data/Labels/252_mask.png
data/Images/253.png,data/Labels/253_mask.png
data/Images/254.png,data/Labels/254_mask.png
data/Images/255.png,data/Labels/255_mask.png
data/Images/256.png,data/Labels/256_mask.png
data/Images/257.png,data/Labels/257_mask.png
data/Images/258.png,data/Labels/258_mask.png
data/Images/259.png,data/Labels/259_mask.png
data/Images/260.png,data/Labels/260_mask.png
data/Images/261.png,data/Labels/261_mask.png
data/Images/262.png,data/Labels/262_mask.png
data/Images/263.png,data/Labels/263_mask.png
data/Images/264.png,data/Labels/264_mask.png
data/Images/265.png,data/Labels/265_mask.png
data/Images/266.png,data/Labels/266_mask.png
data/Images/267.png,data/Labels/267_mask.png
data/Images/268.png,data/Labels/268_mask.png
data/Images/269.png,data/Labels/269_mask.png
data/Images/270.png,data/Labels/270_mask.png
data/Images/271.png,data/Labels/271_mask.png
data/Images/272.png,data/Labels/272_mask.png
data/Images/273.png,data/Labels/273_mask.png
data/Images/274.png,data/Labels/274_mask.png
data/Images/275.png,data/Labels/275_mask.png
data/Images/276.png,data/Labels/276_mask.png
data/Images/277.png,data/Labels/277_mask.png
data/Images/278.png,data/Labels/278_mask.png
data/Images/279.png,data/Labels/279_mask.png
data/Images/280.png,data/Labels/280_mask.png
data/Images/281.png,data/Labels/281_mask.png
data/Images/282.png,data/Labels/282_mask.png
data/Images/283.png,data/Labels/283_mask.png
data/Images/284.png,data/Labels/284_mask.png
data/Images/285.png,data/Labels/285_mask.png
data/Images/286.png,data/Labels/286_mask.png
data/Images/287.png,data/Labels/287_mask.png
data/Images/288.png,data/Labels/288_mask.png
data/Images/289.png,data/Labels/289_mask.png
data/Images/290.png,data/Labels/290_mask.png
data/Images/291.png,data/Labels/291_mask.png
data/Images/292.png,data/Labels/292_mask.png
data/Images/293.png,data/Labels/293_mask.png
data/Images/294.png,data/Labels/294_mask.png
data/Images/295.png,data/Labels/295_mask.png
data/Images/296.png,data/Labels/296_mask.png
data/Images/297.png,data/Labels/297_mask.png
data/Images/298.png,data/Labels/298_mask.png
data/Images/299.png,data/Labels/299_mask.png
data/Images/300.png,data/Labels/300_mask.png
data/Images/301.png,data/Labels/301_mask.png
data/Images/302.png,data/Labels/302_mask.png
data/Images/303.png,data/Labels/303_mask.png
data/Images/304.png,data/Labels/304_mask.png
data/Images/305.png,data/Labels/305_mask.png
data/Images/306.png,data/Labels/306_mask.png
data/Images/307.png,data/Labels/307_mask.png
data/Images/308.png,data/Labels/308_mask.png
data/Images/309.png,data/Labels/309_mask.png
data/Images/310.png,data/Labels/310_mask.png
data/Images/311.png,data/Labels/311_mask.png
data/Images/312.png,data/Labels/312_mask.png
data/Images/313.png,data/Labels/313_mask.png
data/Images/314.png,data/Labels/314_mask.png
data/Images/315.png,data/Labels/315_mask.png
data/Images/316.png,data/Labels/316_mask.png
data/Images/317.png,data/Labels/317_mask.png
data/Images/318.png,data/Labels/318_mask.png
data/Images/319.png,data/Labels/319_mask.png
data/Images/320.png,data/Labels/320_mask.png
data/Images/321.png,data/Labels/321_mask.png
data/Images/322.png,data/Labels/322_mask.png
data/Images/323.png,data/Labels/323_mask.png
data/Images/324.png,data/Labels/324_mask.png
data/Images/325.png,data/Labels/325_mask.png
data/Images/326.png,data/Labels/326_mask.png
data/Images/327.png,data/Labels/327_mask.png
data/Images/328.png,data/Labels/328_mask.png
data/Images/329.png,data/Labels/329_mask.png
data/Images/330.png,data/Labels/330_mask.png
data/Images/331.png,data/Labels/331_mask.png
data/Images/332.png,data/Labels/332_mask.png
data/Images/333.png,data/Labels/333_mask.png
data/Images/334.png,data/Labels/334_mask.png
data/Images/335.png,data/Labels/335_mask.png
data/Images/336.png,data/Labels/336_mask.png
data/Images/337.png,data/Labels/337_mask.png
data/Images/338.png,data/Labels/338_mask.png
data/Images/339.png,data/Labels/339_mask.png
data/Images/340.png,data/Labels/340_mask.png
data/Images/341.png,data/Labels/341_mask.png
data/Images/342.png,data/Labels/342_mask.png
data/Images/343.png,data/Labels/343_mask.png
data/Images/344.png,data/Labels/344_mask.png
data/Images/345.png,data/Labels/345_mask.png
data/Images/346.png,data/Labels/346_mask.png
data/Images/347.png,data/Labels/347_mask.png
data/Images/348.png,data/Labels/348_mask.png
data/Images/349.png,data/Labels/349_mask.png
data/Images/350.png,data/Labels/350_mask.png
data/Images/351.png,data/Labels/351_mask.png
data/Images/352.png,data/Labels/352_mask.png
data/Images/353.png,data/Labels/353_mask.png
data/Images/354.png,data/Labels/354_mask.png
data/Images/355.png,data/Labels/355_mask.png
data/Images/356.png,data/Labels/356_mask.png
data/Images/357.png,data/Labels/357_mask.png
data/Images/358.png,data/Labels/358_mask.png
data/Images/359.png,data/Labels/359_mask.png
data/Images/360.png,data/Labels/360_mask.png
data/Images/361.png,data/Labels/361_mask.png
data/Images/362.png,data/Labels/362_mask.png
data/Images/363.png,data/Labels/363_mask.png
data/Images/364.png,data/Labels/364_mask.png
data/Images/365.png,data/Labels/365_mask.png
data/Images/366.png,data/Labels/366_mask.png
data/Images/367.png,data/Labels/367_mask.png
data/Images/368.png,data/Labels/368_mask.png
data/Images/369.png,data/Labels/369_mask.png
data/Images/370.png,data/Labels/370_mask.png
data/Images/371.png,data/Labels/371_mask.png
data/Images/372.png,data/Labels/372_mask.png
data/Images/373.png,data/Labels/373_mask.png
data/Images/374.png,data/Labels/374_mask.png
data/Images/375.png,data/Labels/375_mask.png
data/Images/376.png,data/Labels/376_mask.png
data/Images/377.png,data/Labels/377_mask.png
data/Images/378.png,data/Labels/378_mask.png
data/Images/379.png,data/Labels/379_mask.png
data/Images/380.png,data/Labels/380_mask.png
data/Images/381.png,data/Labels/381_mask.png
data/Images/382.png,data/Labels/382_mask.png
data/Images/383.png,data/Labels/383_mask.png
data/Images/384.png,data/Labels/384_mask.png
data/Images/385.png,data/Labels/385_mask.png
data/Images/386.png,data/Labels/386_mask.png
data/Images/387.png,data/Labels/387_mask.png
data/Images/388.png,data/Labels/388_mask.png
data/Images/389.png,data/Labels/389_mask.png
data/Images/390.png,data/Labels/390_mask.png
data/Images/391.png,data/Labels/391_mask.png
data/Images/392.png,data/Labels/392_mask.png
data/Images/393.png,data/Labels/393_mask.png
data/Images/394.png,data/Labels/394_mask.png
data/Images/395.png,data/Labels/395_mask.png
data/Images/396.png,data/Labels/396_mask.png
data/Images/397.png,data/Labels/397_mask.png
data/Images/398.png,data/Labels/398_mask.png
data/Images/399.png,data/Labels/399_mask.png
